index,time
0,0.017891368219999988
1,0.10594063944999994
2,0.19423320303000013
3,0.28143992933999945
4,0.37008555418000016
5,0.4625962305600008
6,0.5512336127900005
7,0.6387646246400009
8,0.7268229718499964
9,0.8147617812100032
10,0.9062957718100023
11,0.9887171032300006
12,1.0767964999699962
13,1.1697851979099982
14,1.2523061301499945
15,1.3511223208799914
16,1.436504976289998
17,1.523893468020026
18,1.6028548422699942
19,1.6984002897299957
