,precision_var,precision_mean
0,0.11371893531456685,0.22912142326680213
1,0.12364105608997221,0.32474229849055786
2,0.14191381711680276,0.5176757979989016
3,0.10164254173667067,0.7620205367039936
4,0.031816756746597084,0.9267787133090322
5,0.009272844945225171,0.9800115701716805
6,0.001402744885307406,0.9971614527331457
7,0.0,1.0
8,0.0,1.0
9,0.0,1.0
10,0.0,1.0
11,0.0,1.0
